names,sex
Kyaw,male
Quek Kim Lee,female
Herry Chai,male
Julie,female
Gerd,male
Michael Ng Kean Teik,male
Naren,male
Jessie Ong,female
Lay Khim,female
Wu,male
Monica,female
Alex,male
Louis,male
Phua Xu Mei,male
Nicole T,female
Gina,female
Robyn Catherine Nair,female
K Lee,male
Serene Lee,female
Lau Siew Lee,female
Adilah,female
Kuah Boo Cheng,male
Wen Ting,female
Rachel Heng,female
Kong De Ren,male
Karthick,male
Yen Yen,female
Yuong,male
Jennie,female
Ong Gek Tin,male
Tan Wai Loong,male
Simeon Tang,male
Shine Ang,female
Lee Jiekai,male
Zijun,male
Johnny,male
Linda D Tom,male
Ariel,male
Shah,male
Rositah,female
Chee Kheong,male
Shu Ting,male
Kaiyun,female
Goh Pei Yong,male
Jiaming,male
Vincent,male
Choong Mei Siah,female
Beh Yan Peng,male
Jimmy Chong,male
Lau Leh Fern,female
Wang Ngiap Kee,male
Phua Li Choo,female
Lim Mei Yen,female
Chiew Hong,male
Gunjikar Namrata,female
Lee Keam Chai,male
Cavien Ong Jun Sheng,male
Wai Mon,male
Alistar,male
Lee Vui Kong,male
Wee Hui Ling,male
Xenn,male
Brenda,female
N.Chan Y Y,male
Thye Kwan,female
Zai,male
Mohammad Najib,male
Suleiman,male
Madelil,female
Hwee Joo,female
Ann,female
Yun Min,male
Hansen Jens,male
Aden,male
Samantha Halim,female
Sin Leng Piou,male
Jarrod,male
Shafiqq,male
Gildon C.,male
Dino Chia,male
Ahammad Md Rumi,male
Ansley,female
Wilfred Lee,male
Cova,female
Ming,male
Osman,male
Bebeh,female
Karan Tuli,male
Jenny Ong,female
Joshua Adrian,male
Tan Seng Hauy,male
Fariz,male
Chong Jen Min,female
Chua Seong Keat,male
Nicholas Soh,male
Lional Ananda,male
Wee Hsin,male
Inis,female
